{"cameraMode":{"drawMode":0,"name":"Shaded","section":"Shading Mode"},"sceneLighting":true,"audioPlay":false,"sceneViewState":{"m_AlwaysRefresh":false,"showFog":true,"showSkybox":true,"showFlares":true,"showImageEffects":true,"showParticleSystems":true,"showVisualEffectGraphs":true,"m_FxEnabled":true},"in2DMode":false,"pivot":{"x":1193.6031494140625,"y":-98.8636474609375,"z":412.27288818359377},"rotation":{"x":0.7092268466949463,"y":0.006330609321594238,"z":-0.00640479102730751,"w":0.7049834132194519},"size":274.2319030761719,"orthographic":false}