{"cameraMode":{"drawMode":0,"name":"Shaded","section":"Shading Mode"},"sceneLighting":true,"audioPlay":false,"sceneViewState":{"m_AlwaysRefresh":false,"showFog":true,"showSkybox":true,"showFlares":true,"showImageEffects":true,"showParticleSystems":true,"showVisualEffectGraphs":true,"m_FxEnabled":true},"in2DMode":false,"pivot":{"x":201.2031707763672,"y":-33.762794494628909,"z":528.3138427734375},"rotation":{"x":0.32198241353034975,"y":0.02238604612648487,"z":-0.007754122372716665,"w":0.9465216398239136},"size":75.52322387695313,"orthographic":false}